{
  "Aeff":      5.925000000,
  "ln_alpha":      0.202000000,
  "ln_CHB":      0.166000000,
  "CHBT":      1.500000000,
  "SigmaHB":      0.009611000,
  "Rav":      0.500000000,
  "fCorr":      2.400000000,
  "RavCorr":      1.000000000,
  "comb_SG_A_std":     41.624000000,
  "comb_SG_z_coord":     10.000000000,
  "dGsolv_eta":     -4.448000000,
  "dGsolv_omega_ring":      0.263000000,
  "dGsolv_tau": {
        "1": 0.029340000000000000,
        "6": 0.022880000000000000,
        "7": 0.000700800000000000,
        "8": 0.003545000000000000,
        "9": 0.005609000000000000,
        "14": 0.00421600000000000,
        "15": 0.00360800000000000,
        "16": 0.03499000000000000,
        "17": 0.03414000000000000,
        "35": 0.04085000000000000,
        "53": 0.21300000000000000
  },
  "dGsolv_numberOfAtomsInRing": [0, 0],
  "dGsolv_E_gas": [    -76.468222394969 , 0.0],
  "componentPaths": [
         "water_cosmors.solute.orcacosmo",
         "water_cosmors.solvent.orcacosmo"
  ],
  "calculations": [
    {
      "concentrations": [[0.0, 1.0]],
      "temperatures": [298.15],
      "reference_state_types": [4],
      "component_indices": [0, 1]
    }
  ]
}
